title,link,rating,comments
SHAPERX Bodysuit for Women Tummy Control Shapewear Seamless Sculpting Thong Body Shaper,https://www.amazon.com/SHAPERX-Bodysuit-Shapewear-Sculpting-SZ5215-Black-S/dp/B0B1HR89H4/ref=zg_bs_1294868011_sccl_1/146-1666403-4498818?psc=1,4.2,5587
FeelinGirl Shapewear for Women Tummy Control Full Bust Body Shaper Bodysuit Butt Lifter Thigh Slimmer,https://www.amazon.com/FeelinGirl-Control-Shapewear-Seamless-Bodysuit/dp/B08P1LNXQ6/ref=zg_bs_1294868011_sccl_2/146-1666403-4498818?psc=1,3.9,6702
OQQ Women's 3 Piece Bodysuits Sexy Ribbed Sleeveless Square Neck Sleeveless Tank Tops Bodysuits,https://www.amazon.com/OQQ-Womens-Bodysuits-Ribbed-Sleeveless/dp/B0BBR6RQ6J/ref=zg_bs_1294868011_sccl_3/146-1666403-4498818?psc=1,4.4,831
SHAPERX Shapewear for Women Tummy Control Fajas Colombianas Body Shaper Zipper Open Bust Bodysuit,https://www.amazon.com/SHAPERX-Colombianas-Bodysuits-Shapewear-SZ7200-Black-L/dp/B07S82HCQH/ref=zg_bs_1294868011_sccl_4/146-1666403-4498818?psc=1,4.0,47720
Nebility Women Waist Trainer Bodysuit Slim Full Body Shapewear Seamless Round Neck Jumpsuits Tummy Control Tops,https://www.amazon.com/Nebility-Bodysuit-Shapewear-Seamless-Jumpsuits/dp/B07ZLSQXCS/ref=zg_bs_1294868011_sccl_5/146-1666403-4498818?psc=1,4.0,11722
REORIA Womens Sexy Square Neck Sleeveless Tank Tops Bodysuits Clubwear,https://www.amazon.com/Sleeveless-Bodysuits-Stretchy-Leotard-Clubwear/dp/B08X6G4TCX/ref=zg_bs_1294868011_sccl_6/146-1666403-4498818?psc=1,4.4,4596
Popilush Lace Shapewear Bodysuit Women Tummy Control Backless Tank Tops V Neck Body Suit Thongs,https://www.amazon.com/Popilush-Shapewear-Control-Bodysuit-Shaper/dp/B0BCJSP5V2/ref=zg_bs_1294868011_sccl_7/146-1666403-4498818?psc=1,3.5,44
REORIA Women’s Sexy One Shoulder Cutout Front Backless Sleeveless Tank Top Bodysuits,https://www.amazon.com/Shoulder-Sleeveless-Backless-Bodysuits-Leotards/dp/B09YRTVDTK/ref=zg_bs_1294868011_sccl_8/146-1666403-4498818?psc=1,4.5,1850
Comfy BBL Stage 2 Fajas Colombians Shapewear for Women Tummy Control Post Surgery Compression Garment,https://www.amazon.com/Lover-Beauty-Seamless-Control-Shapewear-Boyshorts/dp/B085484Q6X/ref=zg_bs_1294868011_sccl_9/146-1666403-4498818?psc=1,4.3,3914
BRABIC Bodysuit Shapewear for Women Tummy Control Panties Seamless Sleeveless Tops V-Neck Camisole Jumpsuit,https://www.amazon.com/BRABIC-Bodysuit-Shapewear-Seamless-Sleeveless/dp/B08MDW2H86/ref=zg_bs_1294868011_sccl_10/146-1666403-4498818?psc=1,4.2,3932
MANGOPOP Mock Neck Sexy Cutout Front T Shirt Sleeveless/Long Sleeve Short Sleeve Bodysuit for Women,https://www.amazon.com/MANGOPOP-Cutout-Sleeveless-Sleeve-Bodysuit/dp/B09WHPFL2W/ref=zg_bs_1294868011_sccl_11/146-1666403-4498818?psc=1,4.5,3298
OQQ Women's 2 Piece Bodysuits Sexy Ribbed One Piece Square Neck Long Sleeve Bodysuits,https://www.amazon.com/OQQ-Womens-Bodysuits-Ribbed-Square/dp/B0BHNNNNK5/ref=zg_bs_1294868011_sccl_12/146-1666403-4498818?psc=1,4.6,386
REYEOGO Shapewear Bodysuit for Women Tummy Control Butt Lifter Panty Hi-Waist Trainer Stomach Body Shaper Slimming Girdles,https://www.amazon.com/REYEOGO-Shapewear-Bodysuit-Hi-Waist-Slimming/dp/B08QMG5BGB/ref=zg_bs_1294868011_sccl_13/146-1666403-4498818?psc=1,4.0,10277
MANGOPOP Women's Halter Neck Sleeveless Sexy Tank Tops/Crew Neck Long Sleeve Bodysuit,https://www.amazon.com/MANGOPOP-Womens-Halter-Sleeveless-Bodysuit/dp/B09FXV56JW/ref=zg_bs_1294868011_sccl_14/146-1666403-4498818?psc=1,4.4,1676
Velius Women's Sexy Deep V Neck Shiny Thong Bodysuit Tank Tops with Underwire,https://www.amazon.com/Velius-Womens-Shiny-Bodysuit-Underwire/dp/B07T1CZPMG/ref=zg_bs_1294868011_sccl_15/146-1666403-4498818?psc=1,3.9,9815
YIANNA Sculpting Bodysuit for Women Tummy Control Seamless Shapewear Body Shaper,https://www.amazon.com/YIANNA-Sculpting-Shapewear-YA5215-Black-L-XL/dp/B0BFX3N77N/ref=zg_bs_1294868011_sccl_16/146-1666403-4498818?psc=1,4.2,551
SEBOWEL Women Long Sleeves Mesh See Through Jumpsuit Bodysuit Top Leotard,https://www.amazon.com/Kalin-Clubwear-Sleeves-Jumpsuit-Bodysuit/dp/B01N7RRNE2/ref=zg_bs_1294868011_sccl_17/146-1666403-4498818?psc=1,4.2,6566
SHAPERX Tummy Control Shapewear for Women Seamless Fajas Bodysuit Open Bust Mid Thigh Body Shaper Shorts,https://www.amazon.com/SHAPERX-Shapewear-Seamless-Colombianas-SZ2490293-Beige-M/dp/B08L511MGP/ref=zg_bs_1294868011_sccl_18/146-1666403-4498818?psc=1,4.1,10987
Irisnaya Women Slimming Bodysuits Shapewear Tops Tummy Control Body Shaper Spaghetti Strap Camisole Leotards Bodycon Jumpsuit,https://www.amazon.com/Irisnaya-Slimming-Bodysuits-Shapewear-Spaghetti/dp/B08M9KSP1B/ref=zg_bs_1294868011_sccl_19/146-1666403-4498818?psc=1,4.2,3637
SHAPERX Shapewear Tummy Control Fajas Colombianas High Compression Body Shaper for Women Butt Lifter Thigh Slimmer,https://www.amazon.com/SHAPERX-Shapewear-Compression-Colombianas-SZ7206-Black-M/dp/B09C5S4TB5/ref=zg_bs_1294868011_sccl_20/146-1666403-4498818?psc=1,3.9,4058
WDIRARA Women's Polka Dots Sheer Dobby Mesh Square Neck Long Sleeve Skinny Bodysuit,https://www.amazon.com/WDIRARA-Womens-Square-Sleeve-Bodysuit/dp/B082SB7X7Q/ref=zg_bs_1294868011_sccl_21/146-1666403-4498818?psc=1,4.2,3722
Maidenform Women's Wear Your Own Bra Singlet Fajas Shapewear FL2556,https://www.amazon.com/Maidenform-Flexees-Womens-Shapewear-Singlet/dp/B00284B5FA/ref=zg_bs_1294868011_sccl_22/146-1666403-4498818?psc=1,4.3,7245
FeelinGirl Seamless Long Sleeve Thong Bodysuit for Women-Tummy Control Shapewear 2023 Winter Fashion Top,https://www.amazon.com/FeelinGirl-Bodysuit-Women-Tummy-Shapewear-Jumpsuits/dp/B09LM521BM/ref=zg_bs_1294868011_sccl_23/146-1666403-4498818?psc=1,4.3,356
YIANNA Fajas Colombianas Shapewear for Women Postpartum Tummy Control Body Shaper Butt Lifter Bodysuit,https://www.amazon.com/YIANNA-Colombianas-Shapewear-Postpartum-YA7212-Black-M/dp/B09C8L38V9/ref=zg_bs_1294868011_sccl_24/146-1666403-4498818?psc=1,4.2,4861
FeelinGirl Thong Shapewear Bodysuit for Women Tummy Control Body Shaper U Plunge Fajas Colombianas Waist Trainer Corset,https://www.amazon.com/FeelinGirl-Seamless-Control-Shapewear-Bodysuit/dp/B08NCLKLF1/ref=zg_bs_1294868011_sccl_25/146-1666403-4498818?psc=1,3.4,1806
REORIA Women’s Sexy Plunge Deep V Neck Sleeveless V Backless Going Out Tank Bodysuits Tops,https://www.amazon.com/REORIA-Womens-Sleeveless-Bodysuits-Leotards/dp/B0BRTR155G/ref=zg_bs_1294868011_sccl_26/146-1666403-4498818?psc=1,4.6,20
REORIA Women's Sexy Criss Cross Halter Neck Sleeveless Thong Bodysuits Tops Clubwear,https://www.amazon.com/ReoRia-Womens-Halter-Sleeveless-Bodysuits/dp/B09SWHQ88M/ref=zg_bs_1294868011_sccl_27/146-1666403-4498818?psc=1,4.3,1051
SPARSHINE Shapewear for Women Tummy Control Fajas Colombianas Body Shaper Open Bust Bodysuit For Women Waist Trainer,https://www.amazon.com/SPARSHINE-Colombianas-Reductoras-Moldeadoras-Postpartum/dp/B08HC6W5LB/ref=zg_bs_1294868011_sccl_28/146-1666403-4498818?psc=1,3.9,9216
BRABIC Lace Bodysuit for Women Tummy Control Shapewear Sleeveless Tops V-Neck Backless Camisole Jumpsuit Shaper,https://www.amazon.com/BRABIC-Bodysuit-Shapewear-Sleeveless-Backless/dp/B08BZQKJH2/ref=zg_bs_1294868011_sccl_29/146-1666403-4498818?psc=1,3.9,6700
SHAPERX Bodysuit for Women Tummy Control Shapewear Mid-Thigh Seamless Full Body Shaper,https://www.amazon.com/SHAPERX-Shapewear-Seamless-Compression-SZ6224-Beige-L/dp/B09K72V2GJ/ref=zg_bs_1294868011_sccl_30/146-1666403-4498818?psc=1,4.2,1450
SHEIUGU Women’s Sleeveless Long Sleeve Mock Turtle Neck Bodysuit Soft Slim Fit Stretchy Layer Top Classic Jumpsuit,https://www.amazon.com/SHEIUGU-Bodysuit-Classic-Turtleneck-Long-Sleeve/dp/B09H74HCZX/ref=zg_bs_1294868011_sccl_31/146-1666403-4498818?psc=1,4.3,1668
REORIA Women's Classy Asymmetrical Neck Long Sleeve Ribbed Slimming Thong Bodysuit Tops,https://www.amazon.com/REORIA-Asymmetrical-Slimming-Leotards-Bodysuit/dp/B0B7JDYRDQ/ref=zg_bs_1294868011_sccl_32/146-1666403-4498818?psc=1,4.3,323
Dlsave Sexy Neon Corset Top for Women Deep V Neck Satin Bodysuit Going Out Tank Tops,https://www.amazon.com/Womens-Bodysuit-Women-Sleeveless-Corset/dp/B091HNC92K/ref=zg_bs_1294868011_sccl_33/146-1666403-4498818?psc=1,3.7,893
SHAPERX Seamless Short Sleeve Bodysuit for Women Tummy Control Shapewear Thong Sculpting Body Shaper,https://www.amazon.com/SHAPERX-Shapewear-Sculpting-SZ5253-Black-L-XL/dp/B0BMFVN8P2/ref=zg_bs_1294868011_sccl_34/146-1666403-4498818?psc=1,4.1,115
LCNBA Women's Sexy High Neck Sleeveless Bodysuit Basic Top Bodysuit Jumpsuit,https://www.amazon.com/LCNBA-Womens-Sleeveless-Bodysuit-Jumpsuit/dp/B07VL7TW31/ref=zg_bs_1294868011_sccl_35/146-1666403-4498818?psc=1,4.3,2663
REORIA Women's Sexy Casual V Neck Double Lined Sleeveless Slimming Going Out Tank Top Bodysuits,https://www.amazon.com/REORIA-Seamless-Sleeveless-Slimming-Bodysuits/dp/B0BRSZQCZL/ref=zg_bs_1294868011_sccl_36/146-1666403-4498818?psc=1,4.3,11
Sonryse Fajas Colombianas Postparto BBL Stage 2 Post Surgical Compression Garments for Women,https://www.amazon.com/Sonryse-Liposuction-Compression-Colombianas-Moldeadoras/dp/B07YF48P25/ref=zg_bs_1294868011_sccl_37/146-1666403-4498818?psc=1,4.2,8224
Saslax Women's High Crew Neck Sleeveless Racerback Thong Bodysuits Tops,https://www.amazon.com/Saslax-Sleeveless-Racerback-Leotard-Bodysuits/dp/B09NR1DKVZ/ref=zg_bs_1294868011_sccl_38/146-1666403-4498818?psc=1,4.3,858
MANGOPOP Women's Sexy Cutout Front T Shirt Sleeveless/Long Sleeve Short Sleeve Bodysuit Jumpsuits,https://www.amazon.com/MANGOPOP-Womens-Cutout-Bodysuit-Jumpsuits/dp/B09PHCNMGN/ref=zg_bs_1294868011_sccl_39/146-1666403-4498818?psc=1,4.4,1381
SHAPERX Shapewear for Women Tummy Control Thong Bodysuit Open Bust Body Shaper,https://www.amazon.com/SHAPERX-Camellias-Seamless-Shapewear-SZ7095-Black-L/dp/B014ME07P2/ref=zg_bs_1294868011_sccl_40/146-1666403-4498818?psc=1,3.8,17315
REORIA Women's Sexy Scoop Neck Racerback Tank Top Button Down Bodysuits,https://www.amazon.com/Womens-Racerback-Stretchy-Leotard-Bodysuits/dp/B07R7TB9Q8/ref=zg_bs_1294868011_sccl_41/146-1666403-4498818?psc=1,4.3,8337
FeelinGirl Shapewear Bodysuit for Women Tummy Control Tops Seamless Bodyshapers Thong Short/Half/Short Puff/Long Puff Sleeve,https://www.amazon.com/FeelinGirl-Bodysuit-Control-Shapewear-bodyshapers/dp/B0B3XJW3GN/ref=zg_bs_1294868011_sccl_42/146-1666403-4498818?psc=1,4.0,276
FeelinGirl Shapewear for Women Plus Size Backless Built-in Bra Body Shaper Seamless Faja with Open Crotch,https://www.amazon.com/FeelinGirl-Shapewear-Backless-Built-Seamless/dp/B09S63C4DK/ref=zg_bs_1294868011_sccl_43/146-1666403-4498818?psc=1,3.0,1112
Zeagoo Women's Square Neck Puff Long Sleeve Bodysuit Off Shoulder Leotard Sheer Polka Dot Sleeve Top,https://www.amazon.com/Zeagoo-Womens-Bodysuit-Shoulder-Leotard/dp/B0B8HRXLLQ/ref=zg_bs_1294868011_sccl_44/146-1666403-4498818?psc=1,4.4,212
OQQ Women's 3 Piece Bodysuits Sexy Ribbed Sleeveless Adjustable Spaghetti Strip Tops Shapewear Bodysuits,https://www.amazon.com/OQQ-Bodysuits-Sleeveless-Adjustable-Spaghetti/dp/B0BR345MP6/ref=zg_bs_1294868011_sccl_45/146-1666403-4498818?psc=1,4.9,29
JUEYUN Women's Square Neck Short Sleeve Long Sleeve Bodysuit Slim Fit Sexy Body Suit Basic Jumpsuit Tops,https://www.amazon.com/JUEYUN-Womens-Bodysuits-closure-Jumpsuit/dp/B09NTN49BN/ref=zg_bs_1294868011_sccl_46/146-1666403-4498818?psc=1,4.3,635
FeelinGirl Shapewear for Women Tummy Control Plus Size Body Shaper for Butt Lifter and Thigh Slimmer Faja,https://www.amazon.com/FeelinGirl-Trainer-Shapewear-Control-Hi-Waist/dp/B0892H7C5X/ref=zg_bs_1294868011_sccl_47/146-1666403-4498818?psc=1,4.1,2477
FeelinGirl Thong Shapewear for Women Tummy Control Slim Body Shaper V Neck Faja Thongs Jumpsuit Tops Shapewear Bodysuit,https://www.amazon.com/FeelinGirl-Shapewear-Jumpsuit-Backless-Bodysuit/dp/B0B5WDTQ95/ref=zg_bs_1294868011_sccl_48/146-1666403-4498818?psc=1,3.9,101
LAOLASI Women's Crew Neck Round Neck Short Sleeves Slim Fit Casual Basic Extender Bodysuit Daily Jumpsuit T Shirts,https://www.amazon.com/LAOLASI-Sleeves-Casual-Extender-Bodysuit/dp/B09NZQ9VZN/ref=zg_bs_1294868011_sccl_49/146-1666403-4498818?psc=1,4.4,2899
Fengbay Lace Bodysuit for Women Tummy Control Shapewear Women's V-Neck Shapewear Bodysuit One Piece Thong Shapewear,https://www.amazon.com/Fengbay-Bodysuit-Control-Shapewear-Womens/dp/B0BMNZF7JV/ref=zg_bs_1294868011_sccl_50/146-1666403-4498818?psc=1,4.5,57
